<?xml version="1.0" standalone="yes"?>
<NewDataSet>
  <Table>
    <TaskId>1</TaskId>
    <Name>test</Name>
    <CategoryId>1</CategoryId>
    <StartDate>1998-01-01T23:59:59-08:00</StartDate>
    <DueDate>1999-01-02T00:00:00-08:00</DueDate>
    <Completed>false</Completed>
    <Priority>1</Priority>
    <PercentComplete>0</PercentComplete>
  </Table>
  <Table>
    <TaskId>2</TaskId>
    <Name>hello</Name>
    <CategoryId>1</CategoryId>
    <StartDate>2015-06-12T00:00:00-07:00</StartDate>
    <DueDate>2015-06-26T00:00:00-07:00</DueDate>
    <Completed>false</Completed>
    <Priority>3</Priority>
    <PercentComplete>25</PercentComplete>
  </Table>
  <Table>
    <TaskId>3</TaskId>
    <Name>hello</Name>
    <CategoryId>4</CategoryId>
    <StartDate>2015-06-28T00:00:00-07:00</StartDate>
    <DueDate>2015-06-29T00:00:00-07:00</DueDate>
    <Completed>false</Completed>
    <Priority>3</Priority>
    <PercentComplete>25</PercentComplete>
  </Table>
  <Table>
    <TaskId>4</TaskId>
    <Name>hello</Name>
    <CategoryId>1</CategoryId>
    <StartDate>2015-06-17T00:00:00-07:00</StartDate>
    <DueDate>2015-06-29T00:00:00-07:00</DueDate>
    <Completed>true</Completed>
    <Priority>1</Priority>
    <PercentComplete>100</PercentComplete>
  </Table>
  <Table>
    <TaskId>5</TaskId>
    <Name>test2</Name>
    <CategoryId>4</CategoryId>
    <StartDate>2015-06-28T00:00:00-07:00</StartDate>
    <DueDate>2015-06-29T00:00:00-07:00</DueDate>
    <Completed>false</Completed>
    <Priority>3</Priority>
    <PercentComplete>12</PercentComplete>
  </Table>
  <Table>
    <TaskId>6</TaskId>
    <Name>abc</Name>
    <CategoryId>2</CategoryId>
    <StartDate>2015-06-01T00:00:00-07:00</StartDate>
    <DueDate>2015-06-08T00:00:00-07:00</DueDate>
    <Completed>true</Completed>
    <Priority>2</Priority>
    <PercentComplete>100</PercentComplete>
  </Table>
</NewDataSet>