﻿<?xml version="1.0" encoding="utf-8"?>
<TaskList>
  <Task>
    <Name>sfdg</Name>
    <Category>Work</Category>
    <TaskStatus>Pending</TaskStatus>
    <Task>
      <Name>adfgagdf</Name>
      <Category>Work</Category>
      <TaskStatus>Completed</TaskStatus>
      <Task>
        <Name>adf</Name>
        <Category> Home</Category>
        <TaskStatus>Completed</TaskStatus>
        <Task>
          <Name>adfa43</Name>
          <Category> Social</Category>
          <TaskStatus>Pending</TaskStatus>
        </Task>
      </Task>
    </Task>
  </Task>
</TaskList>